----- ADMIN -----
INSERT INTO ADMIN (NO, ID, PWD, NAME)
VALUES (SEQ_ADMIN.NEXTVAL, 'admin01', '1234abcd', '이지수');

INSERT INTO ADMIN (NO, ID, PWD, NAME)
VALUES (SEQ_ADMIN.NEXTVAL, 'admin02', '1234abcd', '나지원');

INSERT INTO ADMIN (NO, ID, PWD, NAME)
VALUES (SEQ_ADMIN.NEXTVAL, 'admin03', '1234abcd', '주선기');



----- HOST -----
INSERT INTO HOST (NO, ID, PWD, NAME, PHONE
, PROFILE)
VALUES (SEQ_HOST.NEXTVAL, 'host01', '1234abcd', '이지수', '01087654321'
, 'host01.jpg');

INSERT INTO HOST (NO, ID, PWD, NAME, PHONE
, PROFILE)
VALUES (SEQ_HOST.NEXTVAL, 'host02', '1234abcd', '이현주', '01087654322'
, 'host02.jpg');

INSERT INTO HOST (NO, ID, PWD, NAME, PHONE
, PROFILE)
VALUES (SEQ_HOST.NEXTVAL, 'host03', '1234abcd', '박성민', '01087654323'
, 'host03.jpg');

INSERT INTO HOST (NO, ID, PWD, NAME, PHONE
, PROFILE)
VALUES (SEQ_HOST.NEXTVAL, 'host04', '1234abcd', '최수정', '01087654324'
, 'host04.jpg');

INSERT INTO HOST (NO, ID, PWD, NAME, PHONE
, PROFILE)
VALUES (SEQ_HOST.NEXTVAL, 'host05', '1234abcd', '배정훈', '01087654325'
, 'host05.jpg');

INSERT INTO HOST (NO, ID, PWD, NAME, PHONE
, PROFILE)
VALUES (SEQ_HOST.NEXTVAL, 'host06', '1234abcd', '한지민', '01087654326'
, 'host06.jpg');

INSERT INTO HOST (NO, ID, PWD, NAME, PHONE
, PROFILE)
VALUES (SEQ_HOST.NEXTVAL, 'host07', '1234abcd', '나지원', '01087654327'
, 'host07.jpg');

INSERT INTO HOST (NO, ID, PWD, NAME, PHONE
, PROFILE)
VALUES (SEQ_HOST.NEXTVAL, 'host08', '1234abcd', '윤아름', '01087654328'
, 'host08.jpg');

INSERT INTO HOST (NO, ID, PWD, NAME, PHONE
, PROFILE)
VALUES (SEQ_HOST.NEXTVAL, 'host09', '1234abcd', '강민호', '01087654329'
, 'host09.jpg');

INSERT INTO HOST (NO, ID, PWD, NAME, PHONE
, PROFILE)
VALUES (SEQ_HOST.NEXTVAL, 'host10', '1234abcd', '주선기', '01087654330'
, 'host10.jpg');



----- PAY_METHOD -----
INSERT INTO PAY_METHOD (PAY_METHOD_CODE, PAY_METHOD_NAME)
VALUES ('P1', 'card');

INSERT INTO PAY_METHOD (PAY_METHOD_CODE, PAY_METHOD_NAME)
VALUES ('P2', 'deposit');

INSERT INTO PAY_METHOD (PAY_METHOD_CODE, PAY_METHOD_NAME)
VALUES ('P3', 'pay');



----- MEMBER -----
INSERT INTO MEMBER (NO, ID, PWD, NAME, EMAIL, PHONE, BIRTH_DATE
, PROFILE)
VALUES (SEQ_MEMBER.NEXTVAL, 'user01', '1234abcd', '김민수', 'minsu.kim@example.com', '01012345671', '19900101'
, 'member01.jpg');

INSERT INTO MEMBER (NO, ID, PWD, NAME, EMAIL, PHONE, BIRTH_DATE
, PROFILE)
VALUES (SEQ_MEMBER.NEXTVAL, 'user02', '1234abcd', '이수진', 'sujin.lee@example.com', '01012345672', '19900202'
, 'member02.jpg');

INSERT INTO MEMBER (NO, ID, PWD, NAME, EMAIL, PHONE, BIRTH_DATE
, PROFILE)
VALUES (SEQ_MEMBER.NEXTVAL, 'user03', '1234abcd', '박영희', 'younghee.park@example.com', '01012345673', '19900303'
, 'member03.jpg');

INSERT INTO MEMBER (NO, ID, PWD, NAME, EMAIL, PHONE, BIRTH_DATE
, PROFILE)
VALUES (SEQ_MEMBER.NEXTVAL, 'user04', '1234abcd', '최준호', 'junho.choi@example.com', '01012345674', '19900404'
, 'member04.jpg');

INSERT INTO MEMBER (NO, ID, PWD, NAME, EMAIL, PHONE, BIRTH_DATE
, PROFILE)
VALUES (SEQ_MEMBER.NEXTVAL, 'user05', '1234abcd', '정다은', 'daeun.jeong@example.com', '01012345675', '19900505'
, 'member05.jpg');

INSERT INTO MEMBER (NO, ID, PWD, NAME, EMAIL, PHONE, BIRTH_DATE
, PROFILE)
VALUES (SEQ_MEMBER.NEXTVAL, 'user06', '1234abcd', '한예슬', 'yesul.han@example.com', '01012345676', '19900606'
, 'member06.jpg');

INSERT INTO MEMBER (NO, ID, PWD, NAME, EMAIL, PHONE, BIRTH_DATE
, PROFILE)
VALUES (SEQ_MEMBER.NEXTVAL, 'user07', '1234abcd', '오민지', 'minji.oh@example.com', '01012345677', '19900707'
, 'member07.jpg');

INSERT INTO MEMBER (NO, ID, PWD, NAME, EMAIL, PHONE, BIRTH_DATE
, PROFILE)
VALUES (SEQ_MEMBER.NEXTVAL, 'user08', '1234abcd', '윤재훈', 'jaehoon.yoon@example.com', '01012345678', '19900808'
, 'member08.jpg');

INSERT INTO MEMBER (NO, ID, PWD, NAME, EMAIL, PHONE, BIRTH_DATE
, PROFILE)
VALUES (SEQ_MEMBER.NEXTVAL, 'user09', '1234abcd', '강하늘', 'haneul.kang@example.com', '01012345679', '19900909'
, 'member09.jpg');

INSERT INTO MEMBER (NO, ID, PWD, NAME, EMAIL, PHONE, BIRTH_DATE
, PROFILE)
VALUES (SEQ_MEMBER.NEXTVAL, 'user10', '1234abcd', '배도윤', 'doyun.bae@example.com', '01012345670', '19901010'
, 'member10.jpg');



----- THEME -----
INSERT INTO THEME (THEME_CODE, THEME_NAME)
VALUES ('T1', 'country');

INSERT INTO THEME (THEME_CODE, THEME_NAME)
VALUES ('T2', 'view');

INSERT INTO THEME (THEME_CODE , THEME_NAME)
VALUES ('T3', 'swim');

INSERT INTO THEME (THEME_CODE, THEME_NAME)
VALUES ('T4', 'beach');

INSERT INTO THEME (THEME_CODE, THEME_NAME)
VALUES ('T5', 'farm');

INSERT INTO THEME (THEME_CODE, THEME_NAME)
VALUES ('T6', 'korean');

INSERT INTO THEME (THEME_CODE, THEME_NAME)
VALUES ('T7', 'camping');

INSERT INTO THEME (THEME_CODE, THEME_NAME)
VALUES ('T8', 'tree');

INSERT INTO THEME (THEME_CODE, THEME_NAME)
VALUES ('T9', 'castle');

INSERT INTO THEME (THEME_CODE, THEME_NAME)
VALUES ('T10', 'new');

INSERT INTO THEME (THEME_CODE, THEME_NAME)
VALUES ('T11', 'lake');

INSERT INTO THEME (THEME_CODE, THEME_NAME)
VALUES ('T12', 'golf');



----- ACCOMMODATION -----
INSERT INTO ACCOMMODATION (NO, HOST_NO, NAME, ADDRESS
, LATITUDE, LONGITUDE
, SWIM_YN, SPA_YN, DISABLED_YN, PARKING_YN, ELEVATOR_YN, BREAKFAST_YN, SMOKE_YN
, IMG_URL)
VALUES (SEQ_ACCOMMODATION.NEXTVAL, (SELECT NO FROM HOST WHERE ID='host01'), '럭셔리 빌라 아리아', '경기 가평군 미사리로 123번길 45, 한국'
, '', ''
, 'N', 'Y', 'N', 'Y', 'N', 'Y', 'N'
, 'lake1.jpg');

INSERT INTO ACCOMMODATION (NO, HOST_NO, NAME, ADDRESS
, LATITUDE, LONGITUDE
, SWIM_YN, SPA_YN, DISABLED_YN, PARKING_YN, ELEVATOR_YN, BREAKFAST_YN, SMOKE_YN
, IMG_URL)
VALUES (SEQ_ACCOMMODATION.NEXTVAL, (SELECT NO FROM HOST WHERE ID='host02'), '고요한 산속 휴양동', '강원 홍천군 북방면 한들로 567, 한국'
, '', ''
, 'Y', 'Y', 'N', 'N', 'Y', 'Y', 'N'
, 'new1.jpg');

INSERT INTO ACCOMMODATION (NO, HOST_NO, NAME, ADDRESS
, LATITUDE, LONGITUDE
, SWIM_YN, SPA_YN, DISABLED_YN, PARKING_YN, ELEVATOR_YN, BREAKFAST_YN, SMOKE_YN
, IMG_URL)
VALUES (SEQ_ACCOMMODATION.NEXTVAL, (SELECT NO FROM HOST WHERE ID='host03'), '한라산 풍경 뷰', '제주 제주시 한림읍 한림로 789, 한국'
, '', ''
, 'Y', 'N', 'N', 'N', 'Y', 'N', 'Y'
, 'piano1.jpg');

INSERT INTO ACCOMMODATION (NO, HOST_NO, NAME, ADDRESS
, LATITUDE, LONGITUDE
, SWIM_YN, SPA_YN, DISABLED_YN, PARKING_YN, ELEVATOR_YN, BREAKFAST_YN, SMOKE_YN
, IMG_URL)
VALUES (SEQ_ACCOMMODATION.NEXTVAL, (SELECT NO FROM HOST WHERE ID='host04'), '푸른 바다와 함께하는 풀빌라', '경남 통영시 소매물도로 234, 한국'
, '', ''
, 'N', 'Y', 'N', 'N', 'Y', 'N', 'N'
, 'small1.jpg');

INSERT INTO ACCOMMODATION (NO, HOST_NO, NAME, ADDRESS
, LATITUDE, LONGITUDE
, SWIM_YN, SPA_YN, DISABLED_YN, PARKING_YN, ELEVATOR_YN, BREAKFAST_YN, SMOKE_YN
, IMG_URL)
VALUES (SEQ_ACCOMMODATION.NEXTVAL, (SELECT NO FROM HOST WHERE ID='host05'), '산소 맑은 곳', '강원 평창군 대관령로 345, 한국'
, '', ''
, 'Y', 'Y', 'N', 'Y', 'Y', 'Y', 'Y'
, 'surf1.jpg');

INSERT INTO ACCOMMODATION (NO, HOST_NO, NAME, ADDRESS
, LATITUDE, LONGITUDE
, SWIM_YN, SPA_YN, DISABLED_YN, PARKING_YN, ELEVATOR_YN, BREAKFAST_YN, SMOKE_YN
, IMG_URL)
VALUES (SEQ_ACCOMMODATION.NEXTVAL, (SELECT NO FROM HOST WHERE ID='host06'), '시원한 계곡 바로 앞', '경기 가평군 가평읍 강상골길 678, 한국'
, '', ''
, 'N', 'N', 'Y', 'Y', 'Y', 'Y', 'N'
, 'swim1.jpg');

INSERT INTO ACCOMMODATION (NO, HOST_NO, NAME, ADDRESS
, LATITUDE, LONGITUDE
, SWIM_YN, SPA_YN, DISABLED_YN, PARKING_YN, ELEVATOR_YN, BREAKFAST_YN, SMOKE_YN
, IMG_URL)
VALUES (SEQ_ACCOMMODATION.NEXTVAL, (SELECT NO FROM HOST WHERE ID='host07'), '포근한 산 속 독채', '강원 인제군 북면 북촌길 789, 한국'
, '', ''
, 'N', 'Y', 'N', 'N', 'N', 'N', 'N'
, 'tree1.jpg');

INSERT INTO ACCOMMODATION (NO, HOST_NO, NAME, ADDRESS
, LATITUDE, LONGITUDE
, SWIM_YN, SPA_YN, DISABLED_YN, PARKING_YN, ELEVATOR_YN, BREAKFAST_YN, SMOKE_YN
, IMG_URL)
VALUES (SEQ_ACCOMMODATION.NEXTVAL, (SELECT NO FROM HOST WHERE ID='host08'), '해안가 휴양 리조트 8', '제주 서귀포시 중문관광로 123, 한국'
, '', ''
, 'Y', 'N', 'Y', 'N', 'Y', 'Y', 'Y'
, 'view1.jpg');

INSERT INTO ACCOMMODATION (NO, HOST_NO, NAME, ADDRESS
, LATITUDE, LONGITUDE
, SWIM_YN, SPA_YN, DISABLED_YN, PARKING_YN, ELEVATOR_YN, BREAKFAST_YN, SMOKE_YN
, IMG_URL)
VALUES (SEQ_ACCOMMODATION.NEXTVAL, (SELECT NO FROM HOST WHERE ID='host09'), '햇빛 가득한 펜션', '충남 태안군 남면 태해로 456, 한국'
, '', ''
, 'N', 'N', 'N', 'Y', 'Y', 'Y', 'Y'
, 'wine1.jpg');

INSERT INTO ACCOMMODATION (NO, HOST_NO, NAME, ADDRESS
, LATITUDE, LONGITUDE
, SWIM_YN, SPA_YN, DISABLED_YN, PARKING_YN, ELEVATOR_YN, BREAKFAST_YN, SMOKE_YN
, IMG_URL)
VALUES (SEQ_ACCOMMODATION.NEXTVAL, (SELECT NO FROM HOST WHERE ID='host10'), '한적한 호수 전망', '강원 춘천시 소양로 567, 한국'
, '', ''
, 'Y', 'N', 'Y', 'N', 'Y', 'Y', 'Y'
, 'beach1.jpg');



----- ROOM -----
-- 숙소 1 
INSERT INTO ROOM (NO, ACCOM_NO, NAME
, THEME_CODE, CAPACITY, BATH_NUM, ROOM_NUM, BED_SINGLE, BED_DOUBLE, BED_QUEEN, WEEKDAY_PRICE, WEEKEND_PRICE
, TOWEL_YN, TV_YN, NETFLIX_YN, AIRCONDITIONER_YN, HEATING_YN, FIREALARM_YN, FIRSTAIDKIT_YN, WIFI_YN, FRIGER_YN, OVEN_YN, HAIRDRYER_YN
, IMG_01, IMG_02, IMG_03, IMG_04, IMG_05)
VALUES (SEQ_ROOM.NEXTVAL, (SELECT NO FROM ACCOMMODATION WHERE HOST_NO = (SELECT NO FROM HOST WHERE ID = 'host01')),'모던 심플'
, 'T1', 10, 2, 5, 1, 2, 1, 100000, 150000
, 'N', 'N', 'N', 'N', 'N', 'N', 'Y', 'Y', 'Y', 'Y', 'Y'
, 'lakeRoom1.jpg', 'lakeRoom2.jpg', 'lakeRoom3.jpg', 'lakeRoom4.jpg', 'lakeRoom5.jpg');

INSERT INTO ROOM (NO, ACCOM_NO, NAME
, THEME_CODE, CAPACITY, BATH_NUM, ROOM_NUM, BED_SINGLE, BED_DOUBLE, BED_QUEEN, WEEKDAY_PRICE, WEEKEND_PRICE
, TOWEL_YN, TV_YN, NETFLIX_YN, AIRCONDITIONER_YN, HEATING_YN, FIREALARM_YN, FIRSTAIDKIT_YN, WIFI_YN, FRIGER_YN, OVEN_YN, HAIRDRYER_YN
, IMG_01, IMG_02, IMG_03, IMG_04, IMG_05)
VALUES (SEQ_ROOM.NEXTVAL, (SELECT NO FROM ACCOMMODATION WHERE HOST_NO = (SELECT NO FROM HOST WHERE ID = 'host01')), '모던 오아시스'
, 'T2', 6, 3, 6, 2, 2, 2, 210000, 300000
, 'Y', 'Y', 'Y', 'Y', 'Y', 'Y', 'N', 'N', 'N', 'N', 'N'
, 'lakeRoom(2)1.jpg', 'lakeRoom(2)2.jpg', 'lakeRoom(2)3.jpg', 'lakeRoom(2)4.jpg', 'lakeRoom(2)5.jpg');

-- 숙소 2 
INSERT INTO ROOM (NO, ACCOM_NO, NAME
, THEME_CODE, CAPACITY, BATH_NUM, ROOM_NUM, BED_SINGLE, BED_DOUBLE, BED_QUEEN, WEEKDAY_PRICE, WEEKEND_PRICE
, TOWEL_YN, TV_YN, NETFLIX_YN, AIRCONDITIONER_YN, HEATING_YN, FIREALARM_YN, FIRSTAIDKIT_YN, WIFI_YN, FRIGER_YN, OVEN_YN, HAIRDRYER_YN
, IMG_01, IMG_02, IMG_03, IMG_04, IMG_05)
VALUES (SEQ_ROOM.NEXTVAL, (SELECT NO FROM ACCOMMODATION WHERE HOST_NO = (SELECT NO FROM HOST WHERE ID = 'host02')), '고요한 안식처'
, 'T3', 2, 1, 2, 0, 1, 0, 80000, 120000
, 'Y', 'N', 'Y', 'N', 'Y', 'N', 'Y', 'N', 'Y', 'N', 'Y'
, 'pianoRoom1.jpg', 'pianoRoom2.jpg', 'pianoRoom3.jpg', 'pianoRoom4.jpg', 'pianoRoom5.jpg');

INSERT INTO ROOM (NO, ACCOM_NO, NAME
, THEME_CODE, CAPACITY, BATH_NUM, ROOM_NUM, BED_SINGLE, BED_DOUBLE, BED_QUEEN, WEEKDAY_PRICE, WEEKEND_PRICE
, TOWEL_YN, TV_YN, NETFLIX_YN, AIRCONDITIONER_YN, HEATING_YN, FIREALARM_YN, FIRSTAIDKIT_YN, WIFI_YN, FRIGER_YN, OVEN_YN, HAIRDRYER_YN
, IMG_01, IMG_02, IMG_03, IMG_04, IMG_05)
VALUES (SEQ_ROOM.NEXTVAL, (SELECT NO FROM ACCOMMODATION WHERE HOST_NO = (SELECT NO FROM HOST WHERE ID = 'host02')), '햇살 가득한 은신처'
, 'T4', 20, 10, 15, 5, 10, 2, 550000, 650000
, 'N', 'Y', 'N', 'Y', 'N', 'Y', 'N', 'Y', 'N', 'Y', 'N'
, 'kidsRoom1.jpg', 'kidsRoom2.jpg', 'kidsRoom3.jpg', 'kidsRoom4.jpg', 'kidsRoom5.jpg');

-- 숙소 3 
INSERT INTO ROOM (NO, ACCOM_NO, NAME
, THEME_CODE, CAPACITY, BATH_NUM, ROOM_NUM, BED_SINGLE, BED_DOUBLE, BED_QUEEN, WEEKDAY_PRICE, WEEKEND_PRICE
, TOWEL_YN, TV_YN, NETFLIX_YN, AIRCONDITIONER_YN, HEATING_YN, FIREALARM_YN, FIRSTAIDKIT_YN, WIFI_YN, FRIGER_YN, OVEN_YN, HAIRDRYER_YN
, IMG_01, IMG_02, IMG_03, IMG_04, IMG_05)
VALUES (SEQ_ROOM.NEXTVAL, (SELECT NO FROM ACCOMMODATION WHERE HOST_NO = (SELECT NO FROM HOST WHERE ID = 'host03')), '산속 로지'
, 'T5', 5, 2, 3, 2, 2, 0, 180000, 240000
, 'Y', 'N', 'N', 'Y', 'N', 'N', 'Y', 'N', 'N', 'Y', 'N'
, 'surfRoom1.jpg', 'surfRoom2.jpg', 'surfRoom3.jpg', 'surfRoom4.jpg', 'surfRoom5.jpg');

INSERT INTO ROOM (NO, ACCOM_NO, NAME
, THEME_CODE, CAPACITY, BATH_NUM, ROOM_NUM, BED_SINGLE, BED_DOUBLE, BED_QUEEN, WEEKDAY_PRICE, WEEKEND_PRICE
, TOWEL_YN, TV_YN, NETFLIX_YN, AIRCONDITIONER_YN, HEATING_YN, FIREALARM_YN, FIRSTAIDKIT_YN, WIFI_YN, FRIGER_YN, OVEN_YN, HAIRDRYER_YN
, IMG_01, IMG_02, IMG_03, IMG_04, IMG_05)
VALUES (SEQ_ROOM.NEXTVAL, (SELECT NO FROM ACCOMMODATION WHERE HOST_NO = (SELECT NO FROM HOST WHERE ID = 'host03')),'스키 로지'
, 'T6', 50, 25, 30, 20, 5, 10, 1000000, 1500000
, 'N', 'Y', 'N', 'N', 'Y', 'N', 'N', 'Y', 'N', 'N', 'Y'
, 'treeRoom1.jpg', 'treeRoom2.jpg', 'treeRoom3.jpg', 'treeRoom4.jpg', 'treeRoom5.jpg');

-- 숙소 4 
INSERT INTO ROOM (NO, ACCOM_NO, NAME
, THEME_CODE, CAPACITY, BATH_NUM, ROOM_NUM, BED_SINGLE, BED_DOUBLE, BED_QUEEN, WEEKDAY_PRICE, WEEKEND_PRICE
, TOWEL_YN, TV_YN, NETFLIX_YN, AIRCONDITIONER_YN, HEATING_YN, FIREALARM_YN, FIRSTAIDKIT_YN, WIFI_YN, FRIGER_YN, OVEN_YN, HAIRDRYER_YN
, IMG_01, IMG_02, IMG_03, IMG_04, IMG_05)
VALUES (SEQ_ROOM.NEXTVAL, (SELECT NO FROM ACCOMMODATION WHERE HOST_NO = (SELECT NO FROM HOST WHERE ID = 'host04')), '해변가 평온'
, 'T7', 2, 1, 2, 0, 0, 1, 170000, 270000
, 'Y', 'Y', 'N', 'Y', 'Y', 'N', 'Y', 'Y', 'N', 'Y', 'Y'
, 'wineRoom1.jpg', 'wineRoom2.jpg', 'wineRoom3.jpg', 'wineRoom4.jpg', 'wineRoom5.jpg');

INSERT INTO ROOM (NO, ACCOM_NO, NAME
, THEME_CODE, CAPACITY, BATH_NUM, ROOM_NUM, BED_SINGLE, BED_DOUBLE, BED_QUEEN, WEEKDAY_PRICE, WEEKEND_PRICE
, TOWEL_YN, TV_YN, NETFLIX_YN, AIRCONDITIONER_YN, HEATING_YN, FIREALARM_YN, FIRSTAIDKIT_YN, WIFI_YN, FRIGER_YN, OVEN_YN, HAIRDRYER_YN
, IMG_01, IMG_02, IMG_03, IMG_04, IMG_05)
VALUES (SEQ_ROOM.NEXTVAL, (SELECT NO FROM ACCOMMODATION WHERE HOST_NO = (SELECT NO FROM HOST WHERE ID = 'host04')), '해변가의 블리스'
, 'T8', 12, 4, 8, 2, 4, 2, 420000, 480000
, 'Y', 'N', 'Y', 'N', 'N', 'Y', 'N', 'Y', 'N', 'N', 'Y'
, 'viewRoom1.jpg', 'viewRoom2.jpg', 'viewRoom3.jpg', 'viewRoom4.jpg', 'viewRoom5.jpg');

-- 숙소 5 
INSERT INTO ROOM (NO, ACCOM_NO, NAME
, THEME_CODE, CAPACITY, BATH_NUM, ROOM_NUM, BED_SINGLE, BED_DOUBLE, BED_QUEEN, WEEKDAY_PRICE, WEEKEND_PRICE
, TOWEL_YN, TV_YN, NETFLIX_YN, AIRCONDITIONER_YN, HEATING_YN, FIREALARM_YN, FIRSTAIDKIT_YN, WIFI_YN, FRIGER_YN, OVEN_YN, HAIRDRYER_YN
, IMG_01, IMG_02, IMG_03, IMG_04, IMG_05)
VALUES (SEQ_ROOM.NEXTVAL, (SELECT NO FROM ACCOMMODATION WHERE HOST_NO = (SELECT NO FROM HOST WHERE ID = 'host05')), '보헤미안 블리스'
, 'T9', 10, 3, 6, 2, 2, 2, 280000, 320000
, 'N', 'Y', 'Y', 'N', 'N', 'Y', 'N', 'N', 'N', 'Y', 'N'
, 'beachRoom1.jpg', 'beachRoom2.jpg', 'beachRoom3.jpg', 'beachRoom4.jpg', 'beachRoom5.jpg');

INSERT INTO ROOM (NO, ACCOM_NO, NAME
, THEME_CODE, CAPACITY, BATH_NUM, ROOM_NUM, BED_SINGLE, BED_DOUBLE, BED_QUEEN, WEEKDAY_PRICE, WEEKEND_PRICE
, TOWEL_YN, TV_YN, NETFLIX_YN, AIRCONDITIONER_YN, HEATING_YN, FIREALARM_YN, FIRSTAIDKIT_YN, WIFI_YN, FRIGER_YN, OVEN_YN, HAIRDRYER_YN
, IMG_01, IMG_02, IMG_03, IMG_04, IMG_05)
VALUES (SEQ_ROOM.NEXTVAL, (SELECT NO FROM ACCOMMODATION WHERE HOST_NO = (SELECT NO FROM HOST WHERE ID = 'host05')), '에클렉틱한 휴식처'
, 'T10', 8, 4, 6, 2, 4, 2, 230000, 330000
, 'N', 'N', 'Y', 'N', 'N', 'Y', 'Y', 'Y', 'N', 'N', 'N'
, 'beachRoom(2)1.jpg', 'beachRoom(2)2.jpg', 'beachRoom(2)3.jpg', 'beachRoom(2)4.jpg', 'beachRoom(2)5.jpg');

-- 숙소 6 
INSERT INTO ROOM (NO, ACCOM_NO, NAME
, THEME_CODE, CAPACITY, BATH_NUM, ROOM_NUM, BED_SINGLE, BED_DOUBLE, BED_QUEEN, WEEKDAY_PRICE, WEEKEND_PRICE
, TOWEL_YN, TV_YN, NETFLIX_YN, AIRCONDITIONER_YN, HEATING_YN, FIREALARM_YN, FIRSTAIDKIT_YN, WIFI_YN, FRIGER_YN, OVEN_YN, HAIRDRYER_YN
, IMG_01, IMG_02, IMG_03, IMG_04, IMG_05)
VALUES (SEQ_ROOM.NEXTVAL, (SELECT NO FROM ACCOMMODATION WHERE HOST_NO = (SELECT NO FROM HOST WHERE ID = 'host06')), '열대의 낙원'
, 'T11', 4, 3, 3, 0, 0, 0, 170000, 200000
, 'N', 'N', 'N', 'Y', 'Y', 'Y', 'N', 'N', 'N', 'N', 'Y'
, 'campingRoom1.jpg', 'campingRoom2.jpg', 'campingRoom3.jpg', 'campingRoom4.jpg', 'campingRoom5.jpg');

INSERT INTO ROOM (NO, ACCOM_NO, NAME
, THEME_CODE, CAPACITY, BATH_NUM, ROOM_NUM, BED_SINGLE, BED_DOUBLE, BED_QUEEN, WEEKDAY_PRICE, WEEKEND_PRICE
, TOWEL_YN, TV_YN, NETFLIX_YN, AIRCONDITIONER_YN, HEATING_YN, FIREALARM_YN, FIRSTAIDKIT_YN, WIFI_YN, FRIGER_YN, OVEN_YN, HAIRDRYER_YN
, IMG_01, IMG_02, IMG_03, IMG_04, IMG_05)
VALUES (SEQ_ROOM.NEXTVAL, (SELECT NO FROM ACCOMMODATION WHERE HOST_NO = (SELECT NO FROM HOST WHERE ID = 'host06')), '사파리 모험'
, 'T12', 10, 2, 5, 1, 2, 2, 110000, 220000
, 'N', 'Y', 'N', 'N', 'Y', 'Y', 'N', 'N', 'Y', 'N', 'N'
, 'campRoom(2)1.jpg', 'campRoom(2)2.jpg', 'campRoom(2)3.jpg', 'campRoom(2)4.jpg', 'campRoom(2)5.jpg');

-- 숙소 7 
INSERT INTO ROOM (NO, ACCOM_NO, NAME
, THEME_CODE, CAPACITY, BATH_NUM, ROOM_NUM, BED_SINGLE, BED_DOUBLE, BED_QUEEN, WEEKDAY_PRICE, WEEKEND_PRICE
, TOWEL_YN, TV_YN, NETFLIX_YN, AIRCONDITIONER_YN, HEATING_YN, FIREALARM_YN, FIRSTAIDKIT_YN, WIFI_YN, FRIGER_YN, OVEN_YN, HAIRDRYER_YN
, IMG_01, IMG_02, IMG_03, IMG_04, IMG_05)
VALUES (SEQ_ROOM.NEXTVAL, (SELECT NO FROM ACCOMMODATION WHERE HOST_NO = (SELECT NO FROM HOST WHERE ID = 'host07')), '미드 센추리 모던'
, 'T1', 8, 1, 3, 4, 0, 2, 130000, 250000
, 'Y', 'N', 'N', 'N', 'Y', 'N', 'N', 'Y', 'N', 'N', 'Y'
, 'castleRoom1.jpg', 'castleRoom2.jpg', 'castleRoom3.jpg', 'castleRoom4.jpg', 'castleRoom5.jpg');

INSERT INTO ROOM (NO, ACCOM_NO, NAME
, THEME_CODE, CAPACITY, BATH_NUM, ROOM_NUM, BED_SINGLE, BED_DOUBLE, BED_QUEEN, WEEKDAY_PRICE, WEEKEND_PRICE
, TOWEL_YN, TV_YN, NETFLIX_YN, AIRCONDITIONER_YN, HEATING_YN, FIREALARM_YN, FIRSTAIDKIT_YN, WIFI_YN, FRIGER_YN, OVEN_YN, HAIRDRYER_YN
, IMG_01, IMG_02, IMG_03, IMG_04, IMG_05)
VALUES (SEQ_ROOM.NEXTVAL, (SELECT NO FROM ACCOMMODATION WHERE HOST_NO = (SELECT NO FROM HOST WHERE ID = 'host07')), '우림의 은신처'
, 'T2', 14, 8, 10, 10, 0, 0, 320000, 370000
, 'Y', 'Y', 'Y', 'N', 'N', 'N', 'N', 'Y', 'Y', 'N', 'N'
, 'caveRoom1.jpg', 'caveRoom2.jpg', 'caveRoom3.jpg', 'caveRoom4.jpg', 'caveRoom5.jpg');

-- 숙소 8 
INSERT INTO ROOM (NO, ACCOM_NO, NAME
, THEME_CODE, CAPACITY, BATH_NUM, ROOM_NUM, BED_SINGLE, BED_DOUBLE, BED_QUEEN, WEEKDAY_PRICE, WEEKEND_PRICE
, TOWEL_YN, TV_YN, NETFLIX_YN, AIRCONDITIONER_YN, HEATING_YN, FIREALARM_YN, FIRSTAIDKIT_YN, WIFI_YN, FRIGER_YN, OVEN_YN, HAIRDRYER_YN
, IMG_01, IMG_02, IMG_03, IMG_04, IMG_05)
VALUES (SEQ_ROOM.NEXTVAL, (SELECT NO FROM ACCOMMODATION WHERE HOST_NO = (SELECT NO FROM HOST WHERE ID = 'host08')), '바닷가의 성역'
, 'T3', 8, 2, 5, 1, 2, 1, 90000, 110000
, 'N', 'Y', 'N', 'N', 'Y', 'Y', 'Y', 'N', 'N', 'N', 'N'
, 'countryRoom1.jpg', 'countryRoom2.jpg', 'countryRoom3.jpg', 'countryRoom4.jpg', 'countryRoom5.jpg');

INSERT INTO ROOM (NO, ACCOM_NO, NAME
, THEME_CODE, CAPACITY, BATH_NUM, ROOM_NUM, BED_SINGLE, BED_DOUBLE, BED_QUEEN, WEEKDAY_PRICE, WEEKEND_PRICE
, TOWEL_YN, TV_YN, NETFLIX_YN, AIRCONDITIONER_YN, HEATING_YN, FIREALARM_YN, FIRSTAIDKIT_YN, WIFI_YN, FRIGER_YN, OVEN_YN, HAIRDRYER_YN
, IMG_01, IMG_02, IMG_03, IMG_04, IMG_05)
VALUES (SEQ_ROOM.NEXTVAL, (SELECT NO FROM ACCOMMODATION WHERE HOST_NO = (SELECT NO FROM HOST WHERE ID = 'host08')), '바다의 소금집'
, 'T4', 6, 3, 3, 0, 2, 2, 220000, 280000
, 'N', 'Y', 'Y', 'N', 'N', 'N', 'N', 'N', 'N', 'Y', 'Y'
, 'farmRoom1.jpg', 'farmRoom2.jpg', 'farmRoom3.jpg', 'farmRoom4.jpg', 'farmRoom5.jpg');

-- 숙소 9 
INSERT INTO ROOM (NO, ACCOM_NO, NAME
, THEME_CODE, CAPACITY, BATH_NUM, ROOM_NUM, BED_SINGLE, BED_DOUBLE, BED_QUEEN, WEEKDAY_PRICE, WEEKEND_PRICE
, TOWEL_YN, TV_YN, NETFLIX_YN, AIRCONDITIONER_YN, HEATING_YN, FIREALARM_YN, FIRSTAIDKIT_YN, WIFI_YN, FRIGER_YN, OVEN_YN, HAIRDRYER_YN
, IMG_01, IMG_02, IMG_03, IMG_04, IMG_05)
VALUES (SEQ_ROOM.NEXTVAL, (SELECT NO FROM ACCOMMODATION WHERE HOST_NO = (SELECT NO FROM HOST WHERE ID = 'host09')), '시골의 휴식'
, 'T5', 12, 10, 10, 5, 5, 2, 260000, 150000
, 'Y', 'Y', 'N', 'Y', 'N', 'N', 'N', 'Y', 'Y', 'Y', 'N'
, 'golfRoom1.jpg', 'golfRoom2.jpg', 'golfRoom3.jpg', 'golfRoom4.jpg', 'golfRoom5.jpg');

INSERT INTO ROOM (NO, ACCOM_NO, NAME
, THEME_CODE, CAPACITY, BATH_NUM, ROOM_NUM, BED_SINGLE, BED_DOUBLE, BED_QUEEN, WEEKDAY_PRICE, WEEKEND_PRICE
, TOWEL_YN, TV_YN, NETFLIX_YN, AIRCONDITIONER_YN, HEATING_YN, FIREALARM_YN, FIRSTAIDKIT_YN, WIFI_YN, FRIGER_YN, OVEN_YN, HAIRDRYER_YN
, IMG_01, IMG_02, IMG_03, IMG_04, IMG_05)
VALUES (SEQ_ROOM.NEXTVAL, (SELECT NO FROM ACCOMMODATION WHERE HOST_NO = (SELECT NO FROM HOST WHERE ID = 'host09')), '하늘을 향한 전망'
, 'T6', 4, 2, 4, 0, 0, 4, 200000, 250000
, 'N', 'N', 'N', 'N', 'N', 'N', 'N', 'N', 'N', 'Y', 'Y'
, 'golfRoom(2)1.jpg', 'golfRoom(2)2.jpg', 'golfRoom(2)3.jpg', 'golfRoom(2)4.jpg', 'golfRoom(2)5.jpg');

-- 숙소 10 
INSERT INTO ROOM (NO, ACCOM_NO, NAME
, THEME_CODE, CAPACITY, BATH_NUM, ROOM_NUM, BED_SINGLE, BED_DOUBLE, BED_QUEEN, WEEKDAY_PRICE, WEEKEND_PRICE
, TOWEL_YN, TV_YN, NETFLIX_YN, AIRCONDITIONER_YN, HEATING_YN, FIREALARM_YN, FIRSTAIDKIT_YN, WIFI_YN, FRIGER_YN, OVEN_YN, HAIRDRYER_YN
, IMG_01, IMG_02, IMG_03, IMG_04, IMG_05)
VALUES (SEQ_ROOM.NEXTVAL, (SELECT NO FROM ACCOMMODATION WHERE HOST_NO = (SELECT NO FROM HOST WHERE ID = 'host10')), '호수에 떠있는 작은 조각배야'
, 'T7', 2, 1, 1, 0, 0, 0, 300000, 350000
, 'Y', 'Y', 'N', 'N', 'N', 'N', 'Y', 'N', 'N', 'N', 'N'
, 'koreanRoom1.jpg', 'koreanRoom2.jpg', 'koreanRoom3.jpg', 'koreanRoom4.jpg', 'koreanRoom5.jpg');

INSERT INTO ROOM (NO, ACCOM_NO, NAME
, THEME_CODE, CAPACITY, BATH_NUM, ROOM_NUM, BED_SINGLE, BED_DOUBLE, BED_QUEEN, WEEKDAY_PRICE, WEEKEND_PRICE
, TOWEL_YN, TV_YN, NETFLIX_YN, AIRCONDITIONER_YN, HEATING_YN, FIREALARM_YN, FIRSTAIDKIT_YN, WIFI_YN, FRIGER_YN, OVEN_YN, HAIRDRYER_YN
, IMG_01, IMG_02, IMG_03, IMG_04, IMG_05)
VALUES (SEQ_ROOM.NEXTVAL, (SELECT NO FROM ACCOMMODATION WHERE HOST_NO = (SELECT NO FROM HOST WHERE ID = 'host10')), '슈퍼 미니멀'
, 'T8', 4, 2, 2, 2, 0, 2, 320000, 420000
, 'N', 'N', 'Y', 'N', 'N', 'N', 'Y', 'N', 'N', 'N', 'N'
, 'koreanRoom(2)1.jpg', 'koreanRoom(2)2.jpg', 'koreanRoom(2)3.jpg', 'koreanRoom(2)4.jpg', 'koreanRoom(2)5.jpg');



----- WISH_LIST -----
INSERT INTO WISH_LIST (NO, MEM_NO, ROOM_NO)
VALUES (SEQ_WISH_LIST.NEXTVAL, 1, 10);

INSERT INTO WISH_LIST (NO, MEM_NO, ROOM_NO)
VALUES (SEQ_WISH_LIST.NEXTVAL, 2, 9);

INSERT INTO WISH_LIST (NO, MEM_NO, ROOM_NO)
VALUES (SEQ_WISH_LIST.NEXTVAL, 3, 8);

INSERT INTO WISH_LIST (NO, MEM_NO, ROOM_NO)
VALUES (SEQ_WISH_LIST.NEXTVAL, 4, 7);

INSERT INTO WISH_LIST (NO, MEM_NO, ROOM_NO)
VALUES (SEQ_WISH_LIST.NEXTVAL, 5, 6);

INSERT INTO WISH_LIST (NO, MEM_NO, ROOM_NO)
VALUES (SEQ_WISH_LIST.NEXTVAL, 6, 5);

INSERT INTO WISH_LIST (NO, MEM_NO, ROOM_NO)
VALUES (SEQ_WISH_LIST.NEXTVAL, 7, 4);

INSERT INTO WISH_LIST (NO, MEM_NO, ROOM_NO)
VALUES (SEQ_WISH_LIST.NEXTVAL, 8, 3);

INSERT INTO WISH_LIST (NO, MEM_NO, ROOM_NO)
VALUES (SEQ_WISH_LIST.NEXTVAL, 9, 2);

INSERT INTO WISH_LIST (NO, MEM_NO, ROOM_NO)
VALUES (SEQ_WISH_LIST.NEXTVAL, 10, 1);



----- CARD_INFO  -----
INSERT INTO CARD_INFO (NO, MEM_NO, CARD_NICK, CARD_NUM, CVC_NUM, EXPIRE_DATE, PWD) 
VALUES (SEQ_CARD_INFO.NEXTVAL, 1, 'card01', '9012345690123456', '901', '202512', '123456');

INSERT INTO CARD_INFO (NO, MEM_NO, CARD_NICK, CARD_NUM, CVC_NUM, EXPIRE_DATE, PWD) 
VALUES (SEQ_CARD_INFO.NEXTVAL, 2, 'card02', '0123456701234567', '012', '202512', '234567');

INSERT INTO CARD_INFO (NO, MEM_NO, CARD_NICK, CARD_NUM, CVC_NUM, EXPIRE_DATE, PWD) 
VALUES (SEQ_CARD_INFO.NEXTVAL, 3, 'card03', '1234567812345678', '123', '202512', '345678');

INSERT INTO CARD_INFO (NO, MEM_NO, CARD_NICK, CARD_NUM, CVC_NUM, EXPIRE_DATE, PWD) 
VALUES (SEQ_CARD_INFO.NEXTVAL, 4, 'card04', '2345678923456789', '234', '202512', '456789');

INSERT INTO CARD_INFO (NO, MEM_NO, CARD_NICK, CARD_NUM, CVC_NUM, EXPIRE_DATE, PWD) 
VALUES (SEQ_CARD_INFO.NEXTVAL, 5, 'card05', '3456789034567890', '345', '202512', '987654');

INSERT INTO CARD_INFO (NO, MEM_NO, CARD_NICK, CARD_NUM, CVC_NUM, EXPIRE_DATE, PWD) 
VALUES (SEQ_CARD_INFO.NEXTVAL, 6, 'card06', '4567890145678901', '456', '202512', '876543');

INSERT INTO CARD_INFO (NO, MEM_NO, CARD_NICK, CARD_NUM, CVC_NUM, EXPIRE_DATE, PWD) 
VALUES (SEQ_CARD_INFO.NEXTVAL, 7, 'card07', '5678901256789012', '567', '202512', '765432');

INSERT INTO CARD_INFO (NO, MEM_NO, CARD_NICK, CARD_NUM, CVC_NUM, EXPIRE_DATE, PWD) 
VALUES (SEQ_CARD_INFO.NEXTVAL, 8, 'card08', '6789012367890123', '678', '202512', '654321');

INSERT INTO CARD_INFO (NO, MEM_NO, CARD_NICK, CARD_NUM, CVC_NUM, EXPIRE_DATE, PWD) 
VALUES (SEQ_CARD_INFO.NEXTVAL, 9, 'card09', '7890123478901234', '789', '202512', '123456');

INSERT INTO CARD_INFO (NO, MEM_NO, CARD_NICK, CARD_NUM, CVC_NUM, EXPIRE_DATE, PWD) 
VALUES (SEQ_CARD_INFO.NEXTVAL, 10, 'card10', '8901234589012345', '890', '202512', '234567');



----- RESERVATION -----
INSERT INTO RESERVATION (NO, PAY_METHOD_CODE, RESERVATOR_NO, ROOM_NO, SUM, IN_DATE, OUT_DATE, CARD_NO)
VALUES (SEQ_RESERVATION.NEXTVAL, 'P1', 1, 1, 250000, '20240509', '20240513', 1);

INSERT INTO RESERVATION (NO, PAY_METHOD_CODE, RESERVATOR_NO, ROOM_NO, SUM, IN_DATE, OUT_DATE, CARD_NO)
VALUES (SEQ_RESERVATION.NEXTVAL, 'P1', 2, 2, 300000, '20240510', '20240514', 2);

INSERT INTO RESERVATION (NO, PAY_METHOD_CODE, RESERVATOR_NO, ROOM_NO, SUM, IN_DATE, OUT_DATE, CARD_NO)
VALUES (SEQ_RESERVATION.NEXTVAL, 'P1', 3, 3, 300000, '20240501', '20240505', 3);

INSERT INTO RESERVATION (NO, PAY_METHOD_CODE, RESERVATOR_NO, ROOM_NO, SUM, IN_DATE, OUT_DATE, CARD_NO)
VALUES (SEQ_RESERVATION.NEXTVAL, 'P1', 4, 4, 150000, '20240502', '20240506', 4);

INSERT INTO RESERVATION (NO, PAY_METHOD_CODE, RESERVATOR_NO, ROOM_NO, SUM, IN_DATE, OUT_DATE, CARD_NO)
VALUES (SEQ_RESERVATION.NEXTVAL, 'P1', 5, 5, 100000, '20240503', '20240507', 5);

INSERT INTO RESERVATION (NO, PAY_METHOD_CODE, RESERVATOR_NO, ROOM_NO, SUM, IN_DATE, OUT_DATE, CARD_NO)
VALUES (SEQ_RESERVATION.NEXTVAL, 'P2', 6, 6, 250000, '20240509', '20240513', 6);

INSERT INTO RESERVATION (NO, PAY_METHOD_CODE, RESERVATOR_NO, ROOM_NO, SUM, IN_DATE, OUT_DATE, CARD_NO)
VALUES (SEQ_RESERVATION.NEXTVAL, 'P2', 7, 7, 300000, '20240510', '20240514', 7);

INSERT INTO RESERVATION (NO, PAY_METHOD_CODE, RESERVATOR_NO, ROOM_NO, SUM, IN_DATE, OUT_DATE, CARD_NO)
VALUES (SEQ_RESERVATION.NEXTVAL, 'P2', 8, 8, 300000, '20240501', '20240505', 8);

INSERT INTO RESERVATION (NO, PAY_METHOD_CODE, RESERVATOR_NO, ROOM_NO, SUM, IN_DATE, OUT_DATE, CARD_NO)
VALUES (SEQ_RESERVATION.NEXTVAL, 'P2', 9, 9, 150000, '20240502', '20240506', 9);

INSERT INTO RESERVATION (NO, PAY_METHOD_CODE, RESERVATOR_NO, ROOM_NO, SUM, IN_DATE, OUT_DATE, CARD_NO)
VALUES (SEQ_RESERVATION.NEXTVAL, 'P2', 10, 10, 100000, '20240503', '20240507', 10);



----- REVIEW  -----
INSERT INTO REVIEW (NO, RESERVE_NO, CONTENT, ACCURACY, CLEAN, CHECKIN, LOCATION, COMMUNICATION) 
VALUES (SEQ_REVIEW.NEXTVAL, (SELECT NO FROM RESERVATION WHERE RESERVATOR_NO = (SELECT NO FROM MEMBER WHERE ID = 'user01')), '정말 좋은 숙소입니다. 강력 추천합니다!', 5, 5, 5, 5, 5);

INSERT INTO REVIEW (NO, RESERVE_NO, CONTENT, ACCURACY, CLEAN, CHECKIN, LOCATION, COMMUNICATION) 
VALUES (SEQ_REVIEW.NEXTVAL, (SELECT NO FROM RESERVATION WHERE RESERVATOR_NO = (SELECT NO FROM MEMBER WHERE ID = 'user02')), '방이 깨끗하고 편안했습니다.', 4, 5, 4, 4, 4);

INSERT INTO REVIEW (NO, RESERVE_NO, CONTENT, ACCURACY, CLEAN, CHECKIN, LOCATION, COMMUNICATION) 
VALUES (SEQ_REVIEW.NEXTVAL, (SELECT NO FROM RESERVATION WHERE RESERVATOR_NO = (SELECT NO FROM MEMBER WHERE ID = 'user03')), '훌륭한 위치와 친절한 호스트.', 5, 5, 5, 5, 5);

INSERT INTO REVIEW (NO, RESERVE_NO, CONTENT, ACCURACY, CLEAN, CHECKIN, LOCATION, COMMUNICATION) 
VALUES (SEQ_REVIEW.NEXTVAL, (SELECT NO FROM RESERVATION WHERE RESERVATOR_NO = (SELECT NO FROM MEMBER WHERE ID = 'user04')), '아름다운 산 전망.', 5, 4, 5, 5, 5);

INSERT INTO REVIEW (NO, RESERVE_NO, CONTENT, ACCURACY, CLEAN, CHECKIN, LOCATION, COMMUNICATION) 
VALUES (SEQ_REVIEW.NEXTVAL, (SELECT NO FROM RESERVATION WHERE RESERVATOR_NO = (SELECT NO FROM MEMBER WHERE ID = 'user05')), '아주 아늑하고 깨끗했습니다. 집처럼 느껴졌어요.', 4, 5, 4, 5, 5);

INSERT INTO REVIEW (NO, RESERVE_NO, CONTENT, ACCURACY, CLEAN, CHECKIN, LOCATION, COMMUNICATION) 
VALUES (SEQ_REVIEW.NEXTVAL, (SELECT NO FROM RESERVATION WHERE RESERVATOR_NO = (SELECT NO FROM MEMBER WHERE ID = 'user06')), '주말 여행에 완벽한 숙소였습니다.', 5, 5, 5, 5, 5);

INSERT INTO REVIEW (NO, RESERVE_NO, CONTENT, ACCURACY, CLEAN, CHECKIN, LOCATION, COMMUNICATION) 
VALUES (SEQ_REVIEW.NEXTVAL, (SELECT NO FROM RESERVATION WHERE RESERVATOR_NO = (SELECT NO FROM MEMBER WHERE ID = 'user07')), '호스트가 매우 친절하고 도움을 많이 주셨습니다.', 5, 4, 4, 4, 5);

INSERT INTO REVIEW (NO, RESERVE_NO, CONTENT, ACCURACY, CLEAN, CHECKIN, LOCATION, COMMUNICATION) 
VALUES (SEQ_REVIEW.NEXTVAL, (SELECT NO FROM RESERVATION WHERE RESERVATOR_NO = (SELECT NO FROM MEMBER WHERE ID = 'user08')), '좋은 장소였지만 밤에는 조금 시끄러웠습니다.', 3, 4, 4, 3, 4);

INSERT INTO REVIEW (NO, RESERVE_NO, CONTENT, ACCURACY, CLEAN, CHECKIN, LOCATION, COMMUNICATION) 
VALUES (SEQ_REVIEW.NEXTVAL, (SELECT NO FROM RESERVATION WHERE RESERVATOR_NO = (SELECT NO FROM MEMBER WHERE ID = 'user09')), '즐거운 시간을 보냈습니다. 다시 방문할게요.', 5, 5, 5, 5, 5);

INSERT INTO REVIEW (NO, RESERVE_NO, CONTENT, ACCURACY, CLEAN, CHECKIN, LOCATION, COMMUNICATION) 
VALUES (SEQ_REVIEW.NEXTVAL, (SELECT NO FROM RESERVATION WHERE RESERVATOR_NO = (SELECT NO FROM MEMBER WHERE ID = 'user10')), '방이 기대만큼 깨끗하지 않았습니다.', 2, 2, 3, 3, 3);

INSERT INTO REVIEW (NO, RESERVE_NO, CONTENT, ACCURACY, CLEAN, CHECKIN, LOCATION, COMMUNICATION) 
VALUES (SEQ_REVIEW.NEXTVAL, (SELECT NO FROM RESERVATION WHERE RESERVATOR_NO = (SELECT NO FROM MEMBER WHERE ID = 'user01')), '정말 좋은 숙소입니다. 강력 추천합니다!', 5, 5, 5, 5, 5);

INSERT INTO REVIEW (NO, RESERVE_NO, CONTENT, ACCURACY, CLEAN, CHECKIN, LOCATION, COMMUNICATION) 
VALUES (SEQ_REVIEW.NEXTVAL, (SELECT NO FROM RESERVATION WHERE RESERVATOR_NO = (SELECT NO FROM MEMBER WHERE ID = 'user02')), '방이 깨끗하고 편안했습니다.', 4, 5, 4, 4, 4);

INSERT INTO REVIEW (NO, RESERVE_NO, CONTENT, ACCURACY, CLEAN, CHECKIN, LOCATION, COMMUNICATION) 
VALUES (SEQ_REVIEW.NEXTVAL, (SELECT NO FROM RESERVATION WHERE RESERVATOR_NO = (SELECT NO FROM MEMBER WHERE ID = 'user03')), '훌륭한 위치와 친절한 호스트.', 5, 5, 5, 5, 5);

INSERT INTO REVIEW (NO, RESERVE_NO, CONTENT, ACCURACY, CLEAN, CHECKIN, LOCATION, COMMUNICATION) 
VALUES (SEQ_REVIEW.NEXTVAL, (SELECT NO FROM RESERVATION WHERE RESERVATOR_NO = (SELECT NO FROM MEMBER WHERE ID = 'user04')), '아름다운 산 전망.', 5, 4, 5, 5, 5);

INSERT INTO REVIEW (NO, RESERVE_NO, CONTENT, ACCURACY, CLEAN, CHECKIN, LOCATION, COMMUNICATION) 
VALUES (SEQ_REVIEW.NEXTVAL, (SELECT NO FROM RESERVATION WHERE RESERVATOR_NO = (SELECT NO FROM MEMBER WHERE ID = 'user05')), '아주 아늑하고 깨끗했습니다. 집처럼 느껴졌어요.', 4, 5, 4, 5, 5);

INSERT INTO REVIEW (NO, RESERVE_NO, CONTENT, ACCURACY, CLEAN, CHECKIN, LOCATION, COMMUNICATION) 
VALUES (SEQ_REVIEW.NEXTVAL, (SELECT NO FROM RESERVATION WHERE RESERVATOR_NO = (SELECT NO FROM MEMBER WHERE ID = 'user06')), '주말 여행에 완벽한 숙소였습니다.', 5, 5, 5, 5, 5);

INSERT INTO REVIEW (NO, RESERVE_NO, CONTENT, ACCURACY, CLEAN, CHECKIN, LOCATION, COMMUNICATION) 
VALUES (SEQ_REVIEW.NEXTVAL, (SELECT NO FROM RESERVATION WHERE RESERVATOR_NO = (SELECT NO FROM MEMBER WHERE ID = 'user07')), '호스트가 매우 친절하고 도움을 많이 주셨습니다.', 5, 4, 4, 4, 5);

INSERT INTO REVIEW (NO, RESERVE_NO, CONTENT, ACCURACY, CLEAN, CHECKIN, LOCATION, COMMUNICATION) 
VALUES (SEQ_REVIEW.NEXTVAL, (SELECT NO FROM RESERVATION WHERE RESERVATOR_NO = (SELECT NO FROM MEMBER WHERE ID = 'user08')), '좋은 장소였지만 밤에는 조금 시끄러웠습니다.', 3, 4, 4, 3, 4);

INSERT INTO REVIEW (NO, RESERVE_NO, CONTENT, ACCURACY, CLEAN, CHECKIN, LOCATION, COMMUNICATION) 
VALUES (SEQ_REVIEW.NEXTVAL, (SELECT NO FROM RESERVATION WHERE RESERVATOR_NO = (SELECT NO FROM MEMBER WHERE ID = 'user09')), '즐거운 시간을 보냈습니다. 다시 방문할게요.', 5, 5, 5, 5, 5);

INSERT INTO REVIEW (NO, RESERVE_NO, CONTENT, ACCURACY, CLEAN, CHECKIN, LOCATION, COMMUNICATION) 
VALUES (SEQ_REVIEW.NEXTVAL, (SELECT NO FROM RESERVATION WHERE RESERVATOR_NO = (SELECT NO FROM MEMBER WHERE ID = 'user10')), '방이 기대만큼 깨끗하지 않았습니다.', 2, 2, 3, 3, 3);

INSERT INTO REVIEW (NO, RESERVE_NO, CONTENT, ACCURACY, CLEAN, CHECKIN, LOCATION, COMMUNICATION) 
VALUES (SEQ_REVIEW.NEXTVAL, (SELECT NO FROM RESERVATION WHERE RESERVATOR_NO = (SELECT NO FROM MEMBER WHERE ID = 'user01')), '정말 좋은 숙소입니다. 강력 추천합니다!', 5, 5, 5, 5, 5);

INSERT INTO REVIEW (NO, RESERVE_NO, CONTENT, ACCURACY, CLEAN, CHECKIN, LOCATION, COMMUNICATION) 
VALUES (SEQ_REVIEW.NEXTVAL, (SELECT NO FROM RESERVATION WHERE RESERVATOR_NO = (SELECT NO FROM MEMBER WHERE ID = 'user02')), '방이 깨끗하고 편안했습니다.', 4, 5, 4, 4, 4);

INSERT INTO REVIEW (NO, RESERVE_NO, CONTENT, ACCURACY, CLEAN, CHECKIN, LOCATION, COMMUNICATION) 
VALUES (SEQ_REVIEW.NEXTVAL, (SELECT NO FROM RESERVATION WHERE RESERVATOR_NO = (SELECT NO FROM MEMBER WHERE ID = 'user03')), '훌륭한 위치와 친절한 호스트.', 5, 5, 5, 5, 5);

INSERT INTO REVIEW (NO, RESERVE_NO, CONTENT, ACCURACY, CLEAN, CHECKIN, LOCATION, COMMUNICATION) 
VALUES (SEQ_REVIEW.NEXTVAL, (SELECT NO FROM RESERVATION WHERE RESERVATOR_NO = (SELECT NO FROM MEMBER WHERE ID = 'user04')), '아름다운 산 전망.', 5, 4, 5, 5, 5);

INSERT INTO REVIEW (NO, RESERVE_NO, CONTENT, ACCURACY, CLEAN, CHECKIN, LOCATION, COMMUNICATION) 
VALUES (SEQ_REVIEW.NEXTVAL, (SELECT NO FROM RESERVATION WHERE RESERVATOR_NO = (SELECT NO FROM MEMBER WHERE ID = 'user05')), '아주 아늑하고 깨끗했습니다. 집처럼 느껴졌어요.', 4, 5, 4, 5, 5);

INSERT INTO REVIEW (NO, RESERVE_NO, CONTENT, ACCURACY, CLEAN, CHECKIN, LOCATION, COMMUNICATION) 
VALUES (SEQ_REVIEW.NEXTVAL, (SELECT NO FROM RESERVATION WHERE RESERVATOR_NO = (SELECT NO FROM MEMBER WHERE ID = 'user06')), '주말 여행에 완벽한 숙소였습니다.', 5, 5, 5, 5, 5);

INSERT INTO REVIEW (NO, RESERVE_NO, CONTENT, ACCURACY, CLEAN, CHECKIN, LOCATION, COMMUNICATION) 
VALUES (SEQ_REVIEW.NEXTVAL, (SELECT NO FROM RESERVATION WHERE RESERVATOR_NO = (SELECT NO FROM MEMBER WHERE ID = 'user07')), '호스트가 매우 친절하고 도움을 많이 주셨습니다.', 5, 4, 4, 4, 5);

INSERT INTO REVIEW (NO, RESERVE_NO, CONTENT, ACCURACY, CLEAN, CHECKIN, LOCATION, COMMUNICATION) 
VALUES (SEQ_REVIEW.NEXTVAL, (SELECT NO FROM RESERVATION WHERE RESERVATOR_NO = (SELECT NO FROM MEMBER WHERE ID = 'user08')), '좋은 장소였지만 밤에는 조금 시끄러웠습니다.', 3, 4, 4, 3, 4);

INSERT INTO REVIEW (NO, RESERVE_NO, CONTENT, ACCURACY, CLEAN, CHECKIN, LOCATION, COMMUNICATION) 
VALUES (SEQ_REVIEW.NEXTVAL, (SELECT NO FROM RESERVATION WHERE RESERVATOR_NO = (SELECT NO FROM MEMBER WHERE ID = 'user09')), '즐거운 시간을 보냈습니다. 다시 방문할게요.', 5, 5, 5, 5, 5);

INSERT INTO REVIEW (NO, RESERVE_NO, CONTENT, ACCURACY, CLEAN, CHECKIN, LOCATION, COMMUNICATION) 
VALUES (SEQ_REVIEW.NEXTVAL, (SELECT NO FROM RESERVATION WHERE RESERVATOR_NO = (SELECT NO FROM MEMBER WHERE ID = 'user10')), '방이 기대만큼 깨끗하지 않았습니다.', 2, 2, 3, 3, 3);

INSERT INTO REVIEW (NO, RESERVE_NO, CONTENT, ACCURACY, CLEAN, CHECKIN, LOCATION, COMMUNICATION) 
VALUES (SEQ_REVIEW.NEXTVAL, (SELECT NO FROM RESERVATION WHERE RESERVATOR_NO = (SELECT NO FROM MEMBER WHERE ID = 'user01')), '정말 좋은 숙소입니다. 강력 추천합니다!', 5, 5, 5, 5, 5);

INSERT INTO REVIEW (NO, RESERVE_NO, CONTENT, ACCURACY, CLEAN, CHECKIN, LOCATION, COMMUNICATION) 
VALUES (SEQ_REVIEW.NEXTVAL, (SELECT NO FROM RESERVATION WHERE RESERVATOR_NO = (SELECT NO FROM MEMBER WHERE ID = 'user02')), '방이 깨끗하고 편안했습니다.', 4, 5, 4, 4, 4);

INSERT INTO REVIEW (NO, RESERVE_NO, CONTENT, ACCURACY, CLEAN, CHECKIN, LOCATION, COMMUNICATION) 
VALUES (SEQ_REVIEW.NEXTVAL, (SELECT NO FROM RESERVATION WHERE RESERVATOR_NO = (SELECT NO FROM MEMBER WHERE ID = 'user03')), '훌륭한 위치와 친절한 호스트.', 5, 5, 5, 5, 5);

INSERT INTO REVIEW (NO, RESERVE_NO, CONTENT, ACCURACY, CLEAN, CHECKIN, LOCATION, COMMUNICATION) 
VALUES (SEQ_REVIEW.NEXTVAL, (SELECT NO FROM RESERVATION WHERE RESERVATOR_NO = (SELECT NO FROM MEMBER WHERE ID = 'user04')), '아름다운 산 전망.', 5, 4, 5, 5, 5);

INSERT INTO REVIEW (NO, RESERVE_NO, CONTENT, ACCURACY, CLEAN, CHECKIN, LOCATION, COMMUNICATION) 
VALUES (SEQ_REVIEW.NEXTVAL, (SELECT NO FROM RESERVATION WHERE RESERVATOR_NO = (SELECT NO FROM MEMBER WHERE ID = 'user05')), '아주 아늑하고 깨끗했습니다. 집처럼 느껴졌어요.', 4, 5, 4, 5, 5);

INSERT INTO REVIEW (NO, RESERVE_NO, CONTENT, ACCURACY, CLEAN, CHECKIN, LOCATION, COMMUNICATION) 
VALUES (SEQ_REVIEW.NEXTVAL, (SELECT NO FROM RESERVATION WHERE RESERVATOR_NO = (SELECT NO FROM MEMBER WHERE ID = 'user06')), '주말 여행에 완벽한 숙소였습니다.', 5, 5, 5, 5, 5);

INSERT INTO REVIEW (NO, RESERVE_NO, CONTENT, ACCURACY, CLEAN, CHECKIN, LOCATION, COMMUNICATION) 
VALUES (SEQ_REVIEW.NEXTVAL, (SELECT NO FROM RESERVATION WHERE RESERVATOR_NO = (SELECT NO FROM MEMBER WHERE ID = 'user07')), '호스트가 매우 친절하고 도움을 많이 주셨습니다.', 5, 4, 4, 4, 5);

INSERT INTO REVIEW (NO, RESERVE_NO, CONTENT, ACCURACY, CLEAN, CHECKIN, LOCATION, COMMUNICATION) 
VALUES (SEQ_REVIEW.NEXTVAL, (SELECT NO FROM RESERVATION WHERE RESERVATOR_NO = (SELECT NO FROM MEMBER WHERE ID = 'user08')), '좋은 장소였지만 밤에는 조금 시끄러웠습니다.', 3, 4, 4, 3, 4);

INSERT INTO REVIEW (NO, RESERVE_NO, CONTENT, ACCURACY, CLEAN, CHECKIN, LOCATION, COMMUNICATION) 
VALUES (SEQ_REVIEW.NEXTVAL, (SELECT NO FROM RESERVATION WHERE RESERVATOR_NO = (SELECT NO FROM MEMBER WHERE ID = 'user09')), '즐거운 시간을 보냈습니다. 다시 방문할게요.', 5, 5, 5, 5, 5);

INSERT INTO REVIEW (NO, RESERVE_NO, CONTENT, ACCURACY, CLEAN, CHECKIN, LOCATION, COMMUNICATION) 
VALUES (SEQ_REVIEW.NEXTVAL, (SELECT NO FROM RESERVATION WHERE RESERVATOR_NO = (SELECT NO FROM MEMBER WHERE ID = 'user10')), '방이 기대만큼 깨끗하지 않았습니다.', 2, 2, 3, 3, 3);

INSERT INTO REVIEW (NO, RESERVE_NO, CONTENT, ACCURACY, CLEAN, CHECKIN, LOCATION, COMMUNICATION) 
VALUES (SEQ_REVIEW.NEXTVAL, (SELECT NO FROM RESERVATION WHERE RESERVATOR_NO = (SELECT NO FROM MEMBER WHERE ID = 'user01')), '정말 좋은 숙소입니다. 강력 추천합니다!', 5, 5, 5, 5, 5);

INSERT INTO REVIEW (NO, RESERVE_NO, CONTENT, ACCURACY, CLEAN, CHECKIN, LOCATION, COMMUNICATION) 
VALUES (SEQ_REVIEW.NEXTVAL, (SELECT NO FROM RESERVATION WHERE RESERVATOR_NO = (SELECT NO FROM MEMBER WHERE ID = 'user02')), '방이 깨끗하고 편안했습니다.', 4, 5, 4, 4, 4);

INSERT INTO REVIEW (NO, RESERVE_NO, CONTENT, ACCURACY, CLEAN, CHECKIN, LOCATION, COMMUNICATION) 
VALUES (SEQ_REVIEW.NEXTVAL, (SELECT NO FROM RESERVATION WHERE RESERVATOR_NO = (SELECT NO FROM MEMBER WHERE ID = 'user03')), '훌륭한 위치와 친절한 호스트.', 5, 5, 5, 5, 5);

INSERT INTO REVIEW (NO, RESERVE_NO, CONTENT, ACCURACY, CLEAN, CHECKIN, LOCATION, COMMUNICATION) 
VALUES (SEQ_REVIEW.NEXTVAL, (SELECT NO FROM RESERVATION WHERE RESERVATOR_NO = (SELECT NO FROM MEMBER WHERE ID = 'user04')), '아름다운 산 전망.', 5, 4, 5, 5, 5);

INSERT INTO REVIEW (NO, RESERVE_NO, CONTENT, ACCURACY, CLEAN, CHECKIN, LOCATION, COMMUNICATION) 
VALUES (SEQ_REVIEW.NEXTVAL, (SELECT NO FROM RESERVATION WHERE RESERVATOR_NO = (SELECT NO FROM MEMBER WHERE ID = 'user05')), '아주 아늑하고 깨끗했습니다. 집처럼 느껴졌어요.', 4, 5, 4, 5, 5);

INSERT INTO REVIEW (NO, RESERVE_NO, CONTENT, ACCURACY, CLEAN, CHECKIN, LOCATION, COMMUNICATION) 
VALUES (SEQ_REVIEW.NEXTVAL, (SELECT NO FROM RESERVATION WHERE RESERVATOR_NO = (SELECT NO FROM MEMBER WHERE ID = 'user06')), '주말 여행에 완벽한 숙소였습니다.', 5, 5, 5, 5, 5);

INSERT INTO REVIEW (NO, RESERVE_NO, CONTENT, ACCURACY, CLEAN, CHECKIN, LOCATION, COMMUNICATION) 
VALUES (SEQ_REVIEW.NEXTVAL, (SELECT NO FROM RESERVATION WHERE RESERVATOR_NO = (SELECT NO FROM MEMBER WHERE ID = 'user07')), '호스트가 매우 친절하고 도움을 많이 주셨습니다.', 5, 4, 4, 4, 5);

INSERT INTO REVIEW (NO, RESERVE_NO, CONTENT, ACCURACY, CLEAN, CHECKIN, LOCATION, COMMUNICATION) 
VALUES (SEQ_REVIEW.NEXTVAL, (SELECT NO FROM RESERVATION WHERE RESERVATOR_NO = (SELECT NO FROM MEMBER WHERE ID = 'user08')), '좋은 장소였지만 밤에는 조금 시끄러웠습니다.', 3, 4, 4, 3, 4);

INSERT INTO REVIEW (NO, RESERVE_NO, CONTENT, ACCURACY, CLEAN, CHECKIN, LOCATION, COMMUNICATION) 
VALUES (SEQ_REVIEW.NEXTVAL, (SELECT NO FROM RESERVATION WHERE RESERVATOR_NO = (SELECT NO FROM MEMBER WHERE ID = 'user09')), '즐거운 시간을 보냈습니다. 다시 방문할게요.', 5, 5, 5, 5, 5);

INSERT INTO REVIEW (NO, RESERVE_NO, CONTENT, ACCURACY, CLEAN, CHECKIN, LOCATION, COMMUNICATION) 
VALUES (SEQ_REVIEW.NEXTVAL, (SELECT NO FROM RESERVATION WHERE RESERVATOR_NO = (SELECT NO FROM MEMBER WHERE ID = 'user10')), '방이 기대만큼 깨끗하지 않았습니다.', 2, 2, 3, 3, 3);

INSERT INTO REVIEW (NO, RESERVE_NO, CONTENT, ACCURACY, CLEAN, CHECKIN, LOCATION, COMMUNICATION) 
VALUES (SEQ_REVIEW.NEXTVAL, (SELECT NO FROM RESERVATION WHERE RESERVATOR_NO = (SELECT NO FROM MEMBER WHERE ID = 'user01')), '정말 좋은 숙소입니다. 강력 추천합니다!', 5, 5, 5, 5, 5);

INSERT INTO REVIEW (NO, RESERVE_NO, CONTENT, ACCURACY, CLEAN, CHECKIN, LOCATION, COMMUNICATION) 
VALUES (SEQ_REVIEW.NEXTVAL, (SELECT NO FROM RESERVATION WHERE RESERVATOR_NO = (SELECT NO FROM MEMBER WHERE ID = 'user02')), '방이 깨끗하고 편안했습니다.', 4, 5, 4, 4, 4);

INSERT INTO REVIEW (NO, RESERVE_NO, CONTENT, ACCURACY, CLEAN, CHECKIN, LOCATION, COMMUNICATION) 
VALUES (SEQ_REVIEW.NEXTVAL, (SELECT NO FROM RESERVATION WHERE RESERVATOR_NO = (SELECT NO FROM MEMBER WHERE ID = 'user03')), '훌륭한 위치와 친절한 호스트.', 5, 5, 5, 5, 5);

INSERT INTO REVIEW (NO, RESERVE_NO, CONTENT, ACCURACY, CLEAN, CHECKIN, LOCATION, COMMUNICATION) 
VALUES (SEQ_REVIEW.NEXTVAL, (SELECT NO FROM RESERVATION WHERE RESERVATOR_NO = (SELECT NO FROM MEMBER WHERE ID = 'user04')), '아름다운 산 전망.', 5, 4, 5, 5, 5);

INSERT INTO REVIEW (NO, RESERVE_NO, CONTENT, ACCURACY, CLEAN, CHECKIN, LOCATION, COMMUNICATION) 
VALUES (SEQ_REVIEW.NEXTVAL, (SELECT NO FROM RESERVATION WHERE RESERVATOR_NO = (SELECT NO FROM MEMBER WHERE ID = 'user05')), '아주 아늑하고 깨끗했습니다. 집처럼 느껴졌어요.', 4, 5, 4, 5, 5);

INSERT INTO REVIEW (NO, RESERVE_NO, CONTENT, ACCURACY, CLEAN, CHECKIN, LOCATION, COMMUNICATION) 
VALUES (SEQ_REVIEW.NEXTVAL, (SELECT NO FROM RESERVATION WHERE RESERVATOR_NO = (SELECT NO FROM MEMBER WHERE ID = 'user06')), '주말 여행에 완벽한 숙소였습니다.', 5, 5, 5, 5, 5);

INSERT INTO REVIEW (NO, RESERVE_NO, CONTENT, ACCURACY, CLEAN, CHECKIN, LOCATION, COMMUNICATION) 
VALUES (SEQ_REVIEW.NEXTVAL, (SELECT NO FROM RESERVATION WHERE RESERVATOR_NO = (SELECT NO FROM MEMBER WHERE ID = 'user07')), '호스트가 매우 친절하고 도움을 많이 주셨습니다.', 5, 4, 4, 4, 5);

INSERT INTO REVIEW (NO, RESERVE_NO, CONTENT, ACCURACY, CLEAN, CHECKIN, LOCATION, COMMUNICATION) 
VALUES (SEQ_REVIEW.NEXTVAL, (SELECT NO FROM RESERVATION WHERE RESERVATOR_NO = (SELECT NO FROM MEMBER WHERE ID = 'user08')), '좋은 장소였지만 밤에는 조금 시끄러웠습니다.', 3, 4, 4, 3, 4);

INSERT INTO REVIEW (NO, RESERVE_NO, CONTENT, ACCURACY, CLEAN, CHECKIN, LOCATION, COMMUNICATION) 
VALUES (SEQ_REVIEW.NEXTVAL, (SELECT NO FROM RESERVATION WHERE RESERVATOR_NO = (SELECT NO FROM MEMBER WHERE ID = 'user09')), '즐거운 시간을 보냈습니다. 다시 방문할게요.', 5, 5, 5, 5, 5);

INSERT INTO REVIEW (NO, RESERVE_NO, CONTENT, ACCURACY, CLEAN, CHECKIN, LOCATION, COMMUNICATION) 
VALUES (SEQ_REVIEW.NEXTVAL, (SELECT NO FROM RESERVATION WHERE RESERVATOR_NO = (SELECT NO FROM MEMBER WHERE ID = 'user10')), '방이 기대만큼 깨끗하지 않았습니다.', 2, 2, 3, 3, 3);



----- FAQ -----
INSERT INTO FAQ (NO, TITLE, CONTENT)
VALUES (SEQ_FAQ.NEXTVAL, 'title01', 'content01');

INSERT INTO FAQ (NO, TITLE, CONTENT)
VALUES (SEQ_FAQ.NEXTVAL, 'title02', 'content02');

INSERT INTO FAQ (NO, TITLE, CONTENT)
VALUES (SEQ_FAQ.NEXTVAL, 'title03', 'content03');



----- QNA -----
INSERT INTO QNA (NO, ROOM_NO, WRITER_NO, TITLE, CONTENT)
VALUES (SEQ_QNA.NEXTVAL, 1, 1, 'title01', 'content01');

INSERT INTO QNA (NO, ROOM_NO, WRITER_NO, TITLE, CONTENT)
VALUES (SEQ_QNA.NEXTVAL, 2, 1, 'title02', 'content02');

INSERT INTO QNA (NO, ROOM_NO, WRITER_NO, TITLE, CONTENT)
VALUES (SEQ_QNA.NEXTVAL, 1, 2, 'title03', 'content03');

INSERT INTO QNA (NO, ROOM_NO, WRITER_NO, TITLE, CONTENT)
VALUES (SEQ_QNA.NEXTVAL, 2, 2, 'title04', 'content04');

INSERT INTO QNA (NO, ROOM_NO, WRITER_NO, TITLE, CONTENT)
VALUES (SEQ_QNA.NEXTVAL, 1, 3, 'title05', 'content05');

INSERT INTO QNA (NO, ROOM_NO, WRITER_NO, TITLE, CONTENT)
VALUES (SEQ_QNA.NEXTVAL, 2, 3, 'title06', 'content06');



COMMIT;



----- ROOM_ATTACHMENT -----
-- 숙소 1
INSERT INTO ROOM_ATTACHMENT(NO, REF_NO, CHANGE_NAME)
VALUES(SEQ_ROOM_ATTACHMENT.NEXTVAL, 1, 'lakeRoom1.jpg');
INSERT INTO ROOM_ATTACHMENT(NO, REF_NO, CHANGE_NAME)
VALUES(SEQ_ROOM_ATTACHMENT.NEXTVAL, 1, 'lakeRoom2.jpg');
INSERT INTO ROOM_ATTACHMENT(NO, REF_NO, CHANGE_NAME)
VALUES(SEQ_ROOM_ATTACHMENT.NEXTVAL, 1, 'lakeRoom3.jpg');
INSERT INTO ROOM_ATTACHMENT(NO, REF_NO, CHANGE_NAME)
VALUES(SEQ_ROOM_ATTACHMENT.NEXTVAL, 1, 'lakeRoom4.jpg');
INSERT INTO ROOM_ATTACHMENT(NO, REF_NO, CHANGE_NAME)
VALUES(SEQ_ROOM_ATTACHMENT.NEXTVAL, 1, 'lakeRoom5.jpg');

INSERT INTO ROOM_ATTACHMENT(NO, REF_NO, CHANGE_NAME)
VALUES(SEQ_ROOM_ATTACHMENT.NEXTVAL, 2, 'lakeRoom(2)1.jpg');
INSERT INTO ROOM_ATTACHMENT(NO, REF_NO, CHANGE_NAME)
VALUES(SEQ_ROOM_ATTACHMENT.NEXTVAL, 2, 'lakeRoom(2)2.jpg');
INSERT INTO ROOM_ATTACHMENT(NO, REF_NO, CHANGE_NAME)
VALUES(SEQ_ROOM_ATTACHMENT.NEXTVAL, 2, 'lakeRoom(2)3.jpg');
INSERT INTO ROOM_ATTACHMENT(NO, REF_NO, CHANGE_NAME)
VALUES(SEQ_ROOM_ATTACHMENT.NEXTVAL, 2, 'lakeRoom(2)4.jpg');
INSERT INTO ROOM_ATTACHMENT(NO, REF_NO, CHANGE_NAME)
VALUES(SEQ_ROOM_ATTACHMENT.NEXTVAL, 2, 'lakeRoom(2)5.jpg');

-- 숙소 2
INSERT INTO ROOM_ATTACHMENT(NO, REF_NO, CHANGE_NAME)
VALUES(SEQ_ROOM_ATTACHMENT.NEXTVAL, 3, 'pianoRoom1.jpg');
INSERT INTO ROOM_ATTACHMENT(NO, REF_NO, CHANGE_NAME)
VALUES(SEQ_ROOM_ATTACHMENT.NEXTVAL, 3, 'pianoRoom2.jpg');
INSERT INTO ROOM_ATTACHMENT(NO, REF_NO, CHANGE_NAME)
VALUES(SEQ_ROOM_ATTACHMENT.NEXTVAL, 3, 'pianoRoom3.jpg');
INSERT INTO ROOM_ATTACHMENT(NO, REF_NO, CHANGE_NAME)
VALUES(SEQ_ROOM_ATTACHMENT.NEXTVAL, 3, 'pianoRoom4.jpg');
INSERT INTO ROOM_ATTACHMENT(NO, REF_NO, CHANGE_NAME)
VALUES(SEQ_ROOM_ATTACHMENT.NEXTVAL, 3, 'pianoRoom5.jpg');

INSERT INTO ROOM_ATTACHMENT(NO, REF_NO, CHANGE_NAME)
VALUES(SEQ_ROOM_ATTACHMENT.NEXTVAL, 4, 'kidsRoom1.jpg');
INSERT INTO ROOM_ATTACHMENT(NO, REF_NO, CHANGE_NAME)
VALUES(SEQ_ROOM_ATTACHMENT.NEXTVAL, 4, 'kidsRoom2.jpg');
INSERT INTO ROOM_ATTACHMENT(NO, REF_NO, CHANGE_NAME)
VALUES(SEQ_ROOM_ATTACHMENT.NEXTVAL, 4, 'kidsRoom3.jpg');
INSERT INTO ROOM_ATTACHMENT(NO, REF_NO, CHANGE_NAME)
VALUES(SEQ_ROOM_ATTACHMENT.NEXTVAL, 4, 'kidsRoom4.jpg');
INSERT INTO ROOM_ATTACHMENT(NO, REF_NO, CHANGE_NAME)
VALUES(SEQ_ROOM_ATTACHMENT.NEXTVAL, 4, 'kidsRoom5.jpg');

-- 숙소 3
INSERT INTO ROOM_ATTACHMENT(NO, REF_NO, CHANGE_NAME)
VALUES(SEQ_ROOM_ATTACHMENT.NEXTVAL, 5, 'surfRoom1.jpg');
INSERT INTO ROOM_ATTACHMENT(NO, REF_NO, CHANGE_NAME)
VALUES(SEQ_ROOM_ATTACHMENT.NEXTVAL, 5, 'surfRoom2.jpg');
INSERT INTO ROOM_ATTACHMENT(NO, REF_NO, CHANGE_NAME)
VALUES(SEQ_ROOM_ATTACHMENT.NEXTVAL, 5, 'surfRoom3.jpg');
INSERT INTO ROOM_ATTACHMENT(NO, REF_NO, CHANGE_NAME)
VALUES(SEQ_ROOM_ATTACHMENT.NEXTVAL, 5, 'surfRoom4.jpg');
INSERT INTO ROOM_ATTACHMENT(NO, REF_NO, CHANGE_NAME)
VALUES(SEQ_ROOM_ATTACHMENT.NEXTVAL, 5, 'surfRoom5.jpg');

INSERT INTO ROOM_ATTACHMENT(NO, REF_NO, CHANGE_NAME)
VALUES(SEQ_ROOM_ATTACHMENT.NEXTVAL, 6, 'treeRoom1.jpg');
INSERT INTO ROOM_ATTACHMENT(NO, REF_NO, CHANGE_NAME)
VALUES(SEQ_ROOM_ATTACHMENT.NEXTVAL, 6, 'treeRoom2.jpg');
INSERT INTO ROOM_ATTACHMENT(NO, REF_NO, CHANGE_NAME)
VALUES(SEQ_ROOM_ATTACHMENT.NEXTVAL, 6, 'treeRoom3.jpg');
INSERT INTO ROOM_ATTACHMENT(NO, REF_NO, CHANGE_NAME)
VALUES(SEQ_ROOM_ATTACHMENT.NEXTVAL, 6, 'treeRoom4.jpg');
INSERT INTO ROOM_ATTACHMENT(NO, REF_NO, CHANGE_NAME)
VALUES(SEQ_ROOM_ATTACHMENT.NEXTVAL, 6, 'treeRoom5.jpg');

-- 숙소 4
INSERT INTO ROOM_ATTACHMENT(NO, REF_NO, CHANGE_NAME)
VALUES(SEQ_ROOM_ATTACHMENT.NEXTVAL, 7, 'wineRoom1.jpg');
INSERT INTO ROOM_ATTACHMENT(NO, REF_NO, CHANGE_NAME)
VALUES(SEQ_ROOM_ATTACHMENT.NEXTVAL, 7, 'wineRoom2.jpg');
INSERT INTO ROOM_ATTACHMENT(NO, REF_NO, CHANGE_NAME)
VALUES(SEQ_ROOM_ATTACHMENT.NEXTVAL, 7, 'wineRoom3.jpg');
INSERT INTO ROOM_ATTACHMENT(NO, REF_NO, CHANGE_NAME)
VALUES(SEQ_ROOM_ATTACHMENT.NEXTVAL, 7, 'wineRoom4.jpg');
INSERT INTO ROOM_ATTACHMENT(NO, REF_NO, CHANGE_NAME)
VALUES(SEQ_ROOM_ATTACHMENT.NEXTVAL, 7, 'wineRoom5.jpg');

INSERT INTO ROOM_ATTACHMENT(NO, REF_NO, CHANGE_NAME)
VALUES(SEQ_ROOM_ATTACHMENT.NEXTVAL, 8, 'viewRoom1.jpg');
INSERT INTO ROOM_ATTACHMENT(NO, REF_NO, CHANGE_NAME)
VALUES(SEQ_ROOM_ATTACHMENT.NEXTVAL, 8, 'viewRoom2.jpg');
INSERT INTO ROOM_ATTACHMENT(NO, REF_NO, CHANGE_NAME)
VALUES(SEQ_ROOM_ATTACHMENT.NEXTVAL, 8, 'viewRoom3.jpg');
INSERT INTO ROOM_ATTACHMENT(NO, REF_NO, CHANGE_NAME)
VALUES(SEQ_ROOM_ATTACHMENT.NEXTVAL, 8, 'viewRoom4.jpg');
INSERT INTO ROOM_ATTACHMENT(NO, REF_NO, CHANGE_NAME)
VALUES(SEQ_ROOM_ATTACHMENT.NEXTVAL, 8, 'viewRoom5.jpg');

-- 숙소 5
INSERT INTO ROOM_ATTACHMENT(NO, REF_NO, CHANGE_NAME)
VALUES(SEQ_ROOM_ATTACHMENT.NEXTVAL, 9, 'beachRoom1.jpg');
INSERT INTO ROOM_ATTACHMENT(NO, REF_NO, CHANGE_NAME)
VALUES(SEQ_ROOM_ATTACHMENT.NEXTVAL, 9, 'beachRoom2.jpg');
INSERT INTO ROOM_ATTACHMENT(NO, REF_NO, CHANGE_NAME)
VALUES(SEQ_ROOM_ATTACHMENT.NEXTVAL, 9, 'beachRoom3.jpg');
INSERT INTO ROOM_ATTACHMENT(NO, REF_NO, CHANGE_NAME)
VALUES(SEQ_ROOM_ATTACHMENT.NEXTVAL, 9, 'beachRoom4.jpg');
INSERT INTO ROOM_ATTACHMENT(NO, REF_NO, CHANGE_NAME)
VALUES(SEQ_ROOM_ATTACHMENT.NEXTVAL, 9, 'beachRoom5.jpg');

INSERT INTO ROOM_ATTACHMENT(NO, REF_NO, CHANGE_NAME)
VALUES(SEQ_ROOM_ATTACHMENT.NEXTVAL, 10, 'beachRoom(2)1.jpg');
INSERT INTO ROOM_ATTACHMENT(NO, REF_NO, CHANGE_NAME)
VALUES(SEQ_ROOM_ATTACHMENT.NEXTVAL, 10, 'beachRoom(2)2.jpg');
INSERT INTO ROOM_ATTACHMENT(NO, REF_NO, CHANGE_NAME)
VALUES(SEQ_ROOM_ATTACHMENT.NEXTVAL, 10, 'beachRoom(2)3.jpg');
INSERT INTO ROOM_ATTACHMENT(NO, REF_NO, CHANGE_NAME)
VALUES(SEQ_ROOM_ATTACHMENT.NEXTVAL, 10, 'beachRoom(2)4.jpg');
INSERT INTO ROOM_ATTACHMENT(NO, REF_NO, CHANGE_NAME)
VALUES(SEQ_ROOM_ATTACHMENT.NEXTVAL, 10, 'beachRoom(2)5.jpg');

-- 숙소 6
INSERT INTO ROOM_ATTACHMENT(NO, REF_NO, CHANGE_NAME)
VALUES(SEQ_ROOM_ATTACHMENT.NEXTVAL, 11, 'campingRoom1.jpg');
INSERT INTO ROOM_ATTACHMENT(NO, REF_NO, CHANGE_NAME)
VALUES(SEQ_ROOM_ATTACHMENT.NEXTVAL, 11, 'campingRoom2.jpg');
INSERT INTO ROOM_ATTACHMENT(NO, REF_NO, CHANGE_NAME)
VALUES(SEQ_ROOM_ATTACHMENT.NEXTVAL, 11, 'campingRoom3.jpg');
INSERT INTO ROOM_ATTACHMENT(NO, REF_NO, CHANGE_NAME)
VALUES(SEQ_ROOM_ATTACHMENT.NEXTVAL, 11, 'campingRoom4.jpg');
INSERT INTO ROOM_ATTACHMENT(NO, REF_NO, CHANGE_NAME)
VALUES(SEQ_ROOM_ATTACHMENT.NEXTVAL, 11, 'campingRoom5.jpg');

INSERT INTO ROOM_ATTACHMENT(NO, REF_NO, CHANGE_NAME)
VALUES(SEQ_ROOM_ATTACHMENT.NEXTVAL, 12, 'campRoom(2)1.jpg');
INSERT INTO ROOM_ATTACHMENT(NO, REF_NO, CHANGE_NAME)
VALUES(SEQ_ROOM_ATTACHMENT.NEXTVAL, 12, 'campRoom(2)2.jpg');
INSERT INTO ROOM_ATTACHMENT(NO, REF_NO, CHANGE_NAME)
VALUES(SEQ_ROOM_ATTACHMENT.NEXTVAL, 12, 'campRoom(2)3.jpg');
INSERT INTO ROOM_ATTACHMENT(NO, REF_NO, CHANGE_NAME)
VALUES(SEQ_ROOM_ATTACHMENT.NEXTVAL, 12, 'campRoom(2)4.jpg');
INSERT INTO ROOM_ATTACHMENT(NO, REF_NO, CHANGE_NAME)
VALUES(SEQ_ROOM_ATTACHMENT.NEXTVAL, 12, 'campRoom(2)5.jpg');

-- 숙소 7
INSERT INTO ROOM_ATTACHMENT(NO, REF_NO, CHANGE_NAME)
VALUES(SEQ_ROOM_ATTACHMENT.NEXTVAL, 13, 'castleRoom1.jpg');
INSERT INTO ROOM_ATTACHMENT(NO, REF_NO, CHANGE_NAME)
VALUES(SEQ_ROOM_ATTACHMENT.NEXTVAL, 13, 'castleRoom2.jpg');
INSERT INTO ROOM_ATTACHMENT(NO, REF_NO, CHANGE_NAME)
VALUES(SEQ_ROOM_ATTACHMENT.NEXTVAL, 13, 'castleRoom3.jpg');
INSERT INTO ROOM_ATTACHMENT(NO, REF_NO, CHANGE_NAME)
VALUES(SEQ_ROOM_ATTACHMENT.NEXTVAL, 13, 'castleRoom4.jpg');
INSERT INTO ROOM_ATTACHMENT(NO, REF_NO, CHANGE_NAME)
VALUES(SEQ_ROOM_ATTACHMENT.NEXTVAL, 13, 'castleRoom5.jpg');

INSERT INTO ROOM_ATTACHMENT(NO, REF_NO, CHANGE_NAME)
VALUES(SEQ_ROOM_ATTACHMENT.NEXTVAL, 14, 'caveRoom1.jpg');
INSERT INTO ROOM_ATTACHMENT(NO, REF_NO, CHANGE_NAME)
VALUES(SEQ_ROOM_ATTACHMENT.NEXTVAL, 14, 'caveRoom2.jpg');
INSERT INTO ROOM_ATTACHMENT(NO, REF_NO, CHANGE_NAME)
VALUES(SEQ_ROOM_ATTACHMENT.NEXTVAL, 14, 'caveRoom3.jpg');
INSERT INTO ROOM_ATTACHMENT(NO, REF_NO, CHANGE_NAME)
VALUES(SEQ_ROOM_ATTACHMENT.NEXTVAL, 14, 'caveRoom4.jpg');
INSERT INTO ROOM_ATTACHMENT(NO, REF_NO, CHANGE_NAME)
VALUES(SEQ_ROOM_ATTACHMENT.NEXTVAL, 14, 'caveRoom5.jpg');

-- 숙소 8
INSERT INTO ROOM_ATTACHMENT(NO, REF_NO, CHANGE_NAME)
VALUES(SEQ_ROOM_ATTACHMENT.NEXTVAL, 15, 'countryRoom1.jpg');
INSERT INTO ROOM_ATTACHMENT(NO, REF_NO, CHANGE_NAME)
VALUES(SEQ_ROOM_ATTACHMENT.NEXTVAL, 15, 'countryRoom2.jpg');
INSERT INTO ROOM_ATTACHMENT(NO, REF_NO, CHANGE_NAME)
VALUES(SEQ_ROOM_ATTACHMENT.NEXTVAL, 15, 'countryRoom3.jpg');
INSERT INTO ROOM_ATTACHMENT(NO, REF_NO, CHANGE_NAME)
VALUES(SEQ_ROOM_ATTACHMENT.NEXTVAL, 15, 'countryRoom4.jpg');
INSERT INTO ROOM_ATTACHMENT(NO, REF_NO, CHANGE_NAME)
VALUES(SEQ_ROOM_ATTACHMENT.NEXTVAL, 15, 'countryRoom5.jpg');

INSERT INTO ROOM_ATTACHMENT(NO, REF_NO, CHANGE_NAME)
VALUES(SEQ_ROOM_ATTACHMENT.NEXTVAL, 16, 'farmRoom1.jpg');
INSERT INTO ROOM_ATTACHMENT(NO, REF_NO, CHANGE_NAME)
VALUES(SEQ_ROOM_ATTACHMENT.NEXTVAL, 16, 'farmRoom2.jpg');
INSERT INTO ROOM_ATTACHMENT(NO, REF_NO, CHANGE_NAME)
VALUES(SEQ_ROOM_ATTACHMENT.NEXTVAL, 16, 'farmRoom3.jpg');
INSERT INTO ROOM_ATTACHMENT(NO, REF_NO, CHANGE_NAME)
VALUES(SEQ_ROOM_ATTACHMENT.NEXTVAL, 16, 'farmRoom4.jpg');
INSERT INTO ROOM_ATTACHMENT(NO, REF_NO, CHANGE_NAME)
VALUES(SEQ_ROOM_ATTACHMENT.NEXTVAL, 16, 'farmRoom5.jpg');

-- 숙소 9
INSERT INTO ROOM_ATTACHMENT(NO, REF_NO, CHANGE_NAME)
VALUES(SEQ_ROOM_ATTACHMENT.NEXTVAL, 17, 'golfRoom1.jpg');
INSERT INTO ROOM_ATTACHMENT(NO, REF_NO, CHANGE_NAME)
VALUES(SEQ_ROOM_ATTACHMENT.NEXTVAL, 17, 'golfRoom2.jpg');
INSERT INTO ROOM_ATTACHMENT(NO, REF_NO, CHANGE_NAME)
VALUES(SEQ_ROOM_ATTACHMENT.NEXTVAL, 17, 'golfRoom3.jpg');
INSERT INTO ROOM_ATTACHMENT(NO, REF_NO, CHANGE_NAME)
VALUES(SEQ_ROOM_ATTACHMENT.NEXTVAL, 17, 'golfRoom4.jpg');
INSERT INTO ROOM_ATTACHMENT(NO, REF_NO, CHANGE_NAME)
VALUES(SEQ_ROOM_ATTACHMENT.NEXTVAL, 17, 'golfRoom5.jpg');

INSERT INTO ROOM_ATTACHMENT(NO, REF_NO, CHANGE_NAME)
VALUES(SEQ_ROOM_ATTACHMENT.NEXTVAL, 18, 'golfRoom(2)1.jpg');
INSERT INTO ROOM_ATTACHMENT(NO, REF_NO, CHANGE_NAME)
VALUES(SEQ_ROOM_ATTACHMENT.NEXTVAL, 18, 'golfRoom(2)2.jpg');
INSERT INTO ROOM_ATTACHMENT(NO, REF_NO, CHANGE_NAME)
VALUES(SEQ_ROOM_ATTACHMENT.NEXTVAL, 18, 'golfRoom(2)3.jpg');
INSERT INTO ROOM_ATTACHMENT(NO, REF_NO, CHANGE_NAME)
VALUES(SEQ_ROOM_ATTACHMENT.NEXTVAL, 18, 'golfRoom(2)4.jpg');
INSERT INTO ROOM_ATTACHMENT(NO, REF_NO, CHANGE_NAME)
VALUES(SEQ_ROOM_ATTACHMENT.NEXTVAL, 18, 'golfRoom(2)5.jpg');

-- 숙소 10
INSERT INTO ROOM_ATTACHMENT(NO, REF_NO, CHANGE_NAME)
VALUES(SEQ_ROOM_ATTACHMENT.NEXTVAL, 19, 'koreanRoom1.jpg');
INSERT INTO ROOM_ATTACHMENT(NO, REF_NO, CHANGE_NAME)
VALUES(SEQ_ROOM_ATTACHMENT.NEXTVAL, 19, 'koreanRoom2.jpg');
INSERT INTO ROOM_ATTACHMENT(NO, REF_NO, CHANGE_NAME)
VALUES(SEQ_ROOM_ATTACHMENT.NEXTVAL, 19, 'koreanRoom3.jpg');
INSERT INTO ROOM_ATTACHMENT(NO, REF_NO, CHANGE_NAME)
VALUES(SEQ_ROOM_ATTACHMENT.NEXTVAL, 19, 'koreanRoom4.jpg');
INSERT INTO ROOM_ATTACHMENT(NO, REF_NO, CHANGE_NAME)
VALUES(SEQ_ROOM_ATTACHMENT.NEXTVAL, 19, 'koreanRoom5.jpg');

INSERT INTO ROOM_ATTACHMENT(NO, REF_NO, CHANGE_NAME)
VALUES(SEQ_ROOM_ATTACHMENT.NEXTVAL, 20, 'koreanRoom(2)1.jpg');
INSERT INTO ROOM_ATTACHMENT(NO, REF_NO, CHANGE_NAME)
VALUES(SEQ_ROOM_ATTACHMENT.NEXTVAL, 20, 'koreanRoom(2)2.jpg');
INSERT INTO ROOM_ATTACHMENT(NO, REF_NO, CHANGE_NAME)
VALUES(SEQ_ROOM_ATTACHMENT.NEXTVAL, 20, 'koreanRoom(2)3.jpg');
INSERT INTO ROOM_ATTACHMENT(NO, REF_NO, CHANGE_NAME)
VALUES(SEQ_ROOM_ATTACHMENT.NEXTVAL, 20, 'koreanRoom(2)4.jpg');
INSERT INTO ROOM_ATTACHMENT(NO, REF_NO, CHANGE_NAME)
VALUES(SEQ_ROOM_ATTACHMENT.NEXTVAL, 20, 'koreanRoom(2)5.jpg');



COMMIT;
